<?xml version="1.0" encoding="UTF-8"?>
<project-private xmlns="http://www.netbeans.org/ns/project-private/1">
    <editor-bookmarks xmlns="http://www.netbeans.org/ns/editor-bookmarks/2" lastBookmarkId="0"/>
    <open-files xmlns="http://www.netbeans.org/ns/projectui-open-files/2">
        <group>
            <file>file:/C:/Users/oara1/Documents/NetBeansProjects/s8/src/java/modelo/entidad/Cliente.java</file>
            <file>file:/C:/Users/oara1/Documents/NetBeansProjects/s8/src/java/modelo/entidad/Producto.java</file>
            <file>file:/C:/Users/oara1/Documents/NetBeansProjects/s8/src/java/modelo/entidad/Factura.java</file>
            <file>file:/C:/Users/oara1/Documents/NetBeansProjects/s8/web/WEB-INF/web.xml</file>
            <file>file:/C:/Users/oara1/Documents/NetBeansProjects/s8/src/java/modelo/entidad/Detfact.java</file>
            <file>file:/C:/Users/oara1/Documents/NetBeansProjects/s8/src/java/hibernate.reveng.xml</file>
            <file>file:/C:/Users/oara1/Documents/NetBeansProjects/s8/src/java/hibernate.cfg.xml</file>
            <file>file:/C:/Users/oara1/Documents/NetBeansProjects/s8/src/java/modelo/entidad/NewHibernateUtil.java</file>
            <file>file:/C:/Users/oara1/Documents/NetBeansProjects/s8/web/index.jsp</file>
        </group>
    </open-files>
</project-private>
